statement ok
CREATE TABLE t1(a INTEGER, b INTEGER, c INTEGER, d INTEGER, e INTEGER)

statement ok
INSERT INTO t1(e,c,b,d,a) VALUES(103,102,100,101,104)

statement ok
INSERT INTO t1(a,c,d,e,b) VALUES(107,106,108,109,105)

statement ok
INSERT INTO t1(e,d,b,a,c) VALUES(110,114,112,111,113)

statement ok
INSERT INTO t1(d,c,e,a,b) VALUES(116,119,117,115,118)

statement ok
INSERT INTO t1(c,d,b,e,a) VALUES(123,122,124,120,121)

statement ok
INSERT INTO t1(a,d,b,e,c) VALUES(127,128,129,126,125)

statement ok
INSERT INTO t1(e,c,a,d,b) VALUES(132,134,131,133,130)

statement ok
INSERT INTO t1(a,d,b,e,c) VALUES(138,136,139,135,137)

statement ok
INSERT INTO t1(e,c,d,a,b) VALUES(144,141,140,142,143)

statement ok
INSERT INTO t1(b,a,e,d,c) VALUES(145,149,146,148,147)

statement ok
INSERT INTO t1(b,c,a,d,e) VALUES(151,150,153,154,152)

statement ok
INSERT INTO t1(c,e,a,d,b) VALUES(155,157,159,156,158)

statement ok
INSERT INTO t1(c,b,a,d,e) VALUES(161,160,163,164,162)

statement ok
INSERT INTO t1(b,d,a,e,c) VALUES(167,169,168,165,166)

statement ok
INSERT INTO t1(d,b,c,e,a) VALUES(171,170,172,173,174)

statement ok
INSERT INTO t1(e,c,a,d,b) VALUES(177,176,179,178,175)

statement ok
INSERT INTO t1(b,e,a,d,c) VALUES(181,180,182,183,184)

statement ok
INSERT INTO t1(c,a,b,e,d) VALUES(187,188,186,189,185)

statement ok
INSERT INTO t1(d,b,c,e,a) VALUES(190,194,193,192,191)

statement ok
INSERT INTO t1(a,e,b,d,c) VALUES(199,197,198,196,195)

statement ok
INSERT INTO t1(b,c,d,a,e) VALUES(200,202,203,201,204)

statement ok
INSERT INTO t1(c,e,a,b,d) VALUES(208,209,205,206,207)

statement ok
INSERT INTO t1(c,e,a,d,b) VALUES(214,210,213,212,211)

statement ok
INSERT INTO t1(b,c,a,d,e) VALUES(218,215,216,217,219)

statement ok
INSERT INTO t1(b,e,d,a,c) VALUES(223,221,222,220,224)

statement ok
INSERT INTO t1(d,e,b,a,c) VALUES(226,227,228,229,225)

statement ok
INSERT INTO t1(a,c,b,e,d) VALUES(234,231,232,230,233)

statement ok
INSERT INTO t1(e,b,a,c,d) VALUES(237,236,239,235,238)

statement ok
INSERT INTO t1(e,c,b,a,d) VALUES(242,244,240,243,241)

statement ok
INSERT INTO t1(e,d,c,b,a) VALUES(246,248,247,249,245)

skipif PostgreSQL # FoundationDB bug 1191988 CASE statement with AVG
query I nosort
SELECT CASE WHEN c>(SELECT avg(c) FROM t1) THEN a*2 ELSE b*10 END
  FROM t1
 ORDER BY 1
----
30 values hashing to 3c13dee48d9356ae19af2515e05e6b54

query II nosort
SELECT a+b*2+c*3+d*4+e*5,
       (a+b+c+d+e)/5
  FROM t1
 ORDER BY 1,2
----
60 values hashing to 808146289313018fce25f1a280bd8c30

query IIIII nosort
SELECT a+b*2+c*3+d*4+e*5,
       CASE WHEN a<b-3 THEN 111 WHEN a<=b THEN 222
        WHEN a<b+3 THEN 333 ELSE 444 END,
       abs(b-c),
       (a+b+c+d+e)/5,
       a+b*2+c*3
  FROM t1
 WHERE (e>c OR e<d)
   AND d>e
   AND EXISTS(SELECT 1 FROM t1 AS x WHERE x.b<t1.b)
 ORDER BY 4,2,1,3,5
----
80 values hashing to f588aa173060543daffc54d07638516f

skipif PostgreSQL # FoundationDB bug 1205056 default CASE format not supported
query IIIII nosort
SELECT c,
       d-e,
       CASE a+1 WHEN b THEN 111 WHEN c THEN 222
        WHEN d THEN 333  WHEN e THEN 444 ELSE 555 END,
       a+b*2+c*3+d*4,
       e
  FROM t1
 WHERE d NOT BETWEEN 110 AND 150
    OR c BETWEEN b-2 AND d+2
    OR (e>c OR e<d)
 ORDER BY 1,5,3,2,4
----
145 values hashing to 1e4da6adbf79506920a0b1e379d830d8

skipif PostgreSQL # FoundationDB bug 1205056 default CASE format not supported
query IIIIII nosort
SELECT a+b*2+c*3+d*4,
       (a+b+c+d+e)/5,
       abs(a),
       e,
       CASE a+1 WHEN b THEN 111 WHEN c THEN 222
        WHEN d THEN 333  WHEN e THEN 444 ELSE 555 END,
       d
  FROM t1
 WHERE b>c
   AND c>d
 ORDER BY 3,4,5,1,2,6
----
24 values hashing to 425542fc8d1ec04f89534ae98d59a74d

skipif PostgreSQL # FoundationDB bug 1205056 default CASE format not supported
query IIII nosort
SELECT a+b*2+c*3+d*4,
       CASE a+1 WHEN b THEN 111 WHEN c THEN 222
        WHEN d THEN 333  WHEN e THEN 444 ELSE 555 END,
       (SELECT count(*) FROM t1 AS x WHERE x.c>t1.c AND x.d<t1.d),
       c
  FROM t1
 WHERE (c<=d-2 OR c>=d+2)
 ORDER BY 4,2,1,3
----
60 values hashing to a2af299d7b2197866b7c8f6854b77ab5

skipif PostgreSQL # FoundationDB bug 1205056 default CASE format not supported
query I nosort
SELECT CASE a+1 WHEN b THEN 111 WHEN c THEN 222
        WHEN d THEN 333  WHEN e THEN 444 ELSE 555 END
  FROM t1
 ORDER BY 1
----
30 values hashing to f2bf77f8cfb62666ab72c866ed4d4f1a

query I nosort
SELECT (SELECT count(*) FROM t1 AS x WHERE x.b<t1.b)
  FROM t1
 WHERE (a>b-2 AND a<b+2)
    OR c>d
 ORDER BY 1
----
20 values hashing to 1d6b8ed1db696a5f1c8d126facddd077

skipif PostgreSQL # FoundationDB bug 1205056 default CASE format not supported
query IIIII nosort
SELECT a,
       (SELECT count(*) FROM t1 AS x WHERE x.c>t1.c AND x.d<t1.d),
       b-c,
       a-b,
       CASE a+1 WHEN b THEN 111 WHEN c THEN 222
        WHEN d THEN 333  WHEN e THEN 444 ELSE 555 END
  FROM t1
 WHERE c BETWEEN b-2 AND d+2
    OR a>b
    OR b>c
 ORDER BY 1,4,3,2,5
----
145 values hashing to 65042db64d506f67a37c85f825cdd11f


query I nosort
SELECT e
  FROM t1
 WHERE b>c
   AND d>e
 ORDER BY 1
----
120
126
135
152
165
230
237
246

query II nosort
SELECT b,
       e
  FROM t1
 WHERE (c<=d-2 OR c>=d+2)
 ORDER BY 2,1
----
30 values hashing to e2107ed9f44c1f14fa1a14b1818a2073
